34200.01399412,3,16085616,100,310400,-1
34200.01399412,1,16116348,100,310500,-1
34200.015247805,1,16116658,100,310400,-1
34200.015442111,1,16116704,100,310500,-1
34200.015789148,1,16116752,100,310600,-1
34200.016299574,1,16116815,100,310700,-1
34200.016405181,3,12703297,100,311300,-1
34200.016793836,3,12665624,100,311400,-1
34200.017029005,3,12665620,100,311500,-1
34200.017173303,3,12665619,100,311600,-1
34200.020733481,1,16118193,100,310300,-1
34200.020823678,3,16116815,100,310700,-1
34200.022011407,1,16118930,100,310200,-1
34200.022043001,3,16116752,100,310600,-1
34200.022343661,1,16119035,100,310100,-1
34200.022408276,3,16116704,100,310500,-1
34200.022512035,1,16119145,100,310000,-1
34200.022532168,3,16116658,100,310400,-1
34200.034992372,3,13918308,100,311000,-1
34200.03988397,5,0,300,309600,-1
34200.03988397,5,0,27,309700,-1
34200.040031961,1,16124823,100,308400,1
34200.04007495,1,16124830,100,308400,1
34200.040118534,1,16124842,100,308400,1
34200.040131692,1,16124846,100,309400,1
34200.040145745,1,16124848,100,308400,1
34200.040163451,1,16124853,100,309000,1
34200.04017475,1,16124855,100,308400,1
34200.040198536,1,16124858,100,308100,1
34200.040204905,1,16124861,100,308400,1
34200.040224499,3,13918291,100,307800,1
34200.040259883,3,13918295,100,307700,1
34200.040284295,3,13918298,100,307600,1
34200.040364789,1,16124881,100,308200,1
34200.040414795,3,13918309,100,307900,1
34200.040473189,1,16124903,100,308300,1
34200.040531332,3,16124858,100,308100,1
34200.074388695,1,16135101,300,309500,1
34200.086421126,1,16138350,1200,308600,1
34200.086658803,1,16138433,200,308000,1
34200.086729355,1,16138460,200,307900,1
34200.086829629,1,16138489,200,307800,1
34200.086877969,1,16138516,200,307700,1
34200.086948021,1,16138543,200,307600,1
34200.086976654,1,16138553,200,307500,1
34200.08702691,1,16138570,200,307400,1
34200.087072381,1,16138579,200,311100,-1
34200.087106854,1,16138591,200,311200,-1
34200.087218442,1,16138612,200,311300,-1
34200.087269698,1,16138635,200,311400,-1
34200.087344627,1,16138649,200,311500,-1
34200.087421168,1,16138669,200,311600,-1
34200.087470681,1,16138694,200,311700,-1
34200.100421505,1,16141929,1000,295000,1
34200.100996154,1,16142109,3000,308300,1
34200.101199378,3,16138570,200,307400,1
34200.101199378,1,16142174,200,308300,1
34200.101270178,3,16138553,200,307500,1
34200.101270178,1,16142193,200,308200,1
34200.101305371,3,16138543,200,307600,1
34200.101305371,1,16142205,200,308100,1
34200.106750341,1,16143489,200,309200,1
34200.107371985,1,16143675,400,309100,1
34200.108647392,1,16143782,400,309000,1
34200.108677985,1,16143806,400,308900,1
34200.115385383,1,16145541,1200,308800,1
34200.129704648,1,16149096,3000,308500,1
34200.131519778,1,16149379,96,307500,1
34200.132162859,1,16149461,96,311600,-1
34200.171449087,1,16160020,6600,310000,-1
34200.171989198,3,16116348,100,310500,-1
34200.171989198,1,16160123,100,310400,-1
34200.185972109,1,16163114,1200,310100,-1
34200.186048427,3,15864568,3000,311100,-1
34200.186394484,3,16138516,200,307700,1
34200.186394484,1,16163204,200,308500,1
34200.186396664,1,16163205,200,310300,-1
34200.186421556,3,16138489,200,307800,1
34200.186421556,1,16163206,200,308400,1
34200.186441385,3,16138579,200,311100,-1
34200.186441385,1,16163210,200,313800,-1
34200.186499036,3,16138591,200,311200,-1
34200.186499036,1,16163219,200,313900,-1
34200.18654263,3,16138612,200,311300,-1
34200.18654263,1,16163224,200,314000,-1
34200.186596598,3,16138635,200,311400,-1
34200.186596598,1,16163230,200,314100,-1
34200.186630987,3,16138649,200,311500,-1
34200.186630987,1,16163234,200,314200,-1
34200.186663719,3,16138669,200,311600,-1
34200.186663719,1,16163241,200,314300,-1
34200.18672185,3,16138694,200,311700,-1
34200.18672185,1,16163245,200,314400,-1
34200.187127707,1,16163311,400,310400,-1
34200.18781431,1,16163457,400,310500,-1
34200.188322412,1,16163573,400,310600,-1
34200.19744278,1,16165149,3000,310700,-1
34200.197828228,3,16163210,200,313800,-1
34200.197828228,1,16165291,200,310700,-1
34200.197857733,3,16163219,200,313900,-1
34200.197857733,1,16165298,200,310800,-1
34200.197888753,3,16163224,200,314000,-1
34200.197888753,1,16165310,200,310900,-1
34200.197919227,3,16163230,200,314100,-1
34200.197919227,1,16165321,200,311000,-1
34200.197929252,1,16165325,3000,310800,-1
34200.197952331,3,16163234,200,314200,-1
34200.197952331,1,16165333,200,311100,-1
34200.197973132,3,16163241,200,314300,-1
34200.197973132,1,16165335,200,311200,-1
34200.197992894,3,16163245,200,314400,-1
34200.197992894,1,16165339,200,311300,-1
34200.201883187,1,16166153,100,309700,-1
34200.201957189,1,16166170,100,309800,-1
34200.201980685,3,16118193,100,310300,-1
34200.201990338,1,16166187,100,309700,-1
34200.202071761,3,16069562,100,309200,1
34200.202071761,1,16166225,100,309100,1
34200.203283207,3,16166153,100,309700,-1
34200.204967052,1,16167006,100,309700,-1
34200.211166441,1,16168549,100,309700,-1
34200.211550116,1,16168686,3000,310600,-1
34200.211650409,1,16168723,200,309400,1
34200.211703658,3,15749193,400,308400,1
34200.211842997,3,16165339,200,311300,-1
34200.211842997,1,16168807,200,310600,-1
34200.212265938,1,16168919,200,309300,1
34200.214142059,3,16168723,200,309400,1
34200.214165857,1,16169307,3000,308700,1
34200.214457331,3,16138460,200,307900,1
34200.214457331,1,16169370,200,308700,1
34200.214536793,3,16138433,200,308000,1
34200.214536793,1,16169383,200,308600,1
34200.217149825,1,16170086,200,309400,1
34200.217151466,1,16170087,1200,308900,1
34200.217210476,3,16085654,3000,307900,1
34200.248991877,1,16177736,20,309300,1
34200.250341672,1,16178017,88,306600,1
34200.31331466,1,16189570,200,310200,-1
34200.317289601,4,16168549,100,309700,-1
34200.317289601,4,16166187,100,309700,-1
34200.317289601,4,16167006,100,309700,-1
34200.317289601,4,16166170,100,309800,-1
34200.317289601,4,15782058,1439,309900,-1
34200.317289601,4,15801048,455,309900,-1
34200.317289601,4,15801569,1894,309900,-1
34200.317289601,1,7326600,5,309900,1
34200.317289601,1,3581980,28,310000,-1
34200.317289601,1,1368569,250,309800,1
34200.317289601,1,3906511,100,310000,-1
34200.317289601,1,1370414,300,309800,1
34200.317289601,1,4743470,100,310000,-1
34200.317289601,1,1375833,5,309800,1
34200.317289601,1,4745892,267,310000,-1
34200.317289601,1,2177947,50,309800,1
34200.317289601,1,4748779,2111,310000,-1
34200.317289601,1,1372100,100,309700,1
34200.317289601,1,4749881,1867,310000,-1
34200.317289601,1,3559741,148,309700,1
34200.317289601,1,4751686,29,310000,-1
34200.317289601,1,4887006,1,309700,1
34200.317289601,1,4752136,87,310000,-1
34200.317289601,1,4887010,4,309700,1
34200.317289601,1,4752217,250,310000,-1
34200.317289601,1,1376057,20,309600,1
34200.317289601,1,4754975,141,310000,-1
34200.317289601,1,10426539,81,309600,1
34200.317289601,1,4756682,100,310000,-1
34200.317289601,1,2119713,500,309500,1
34200.317289601,1,4756755,1008,310000,-1
34200.317289601,1,3068695,1575,309500,1
34200.317289601,1,4768364,889,310000,-1
34200.317289601,1,3559825,65,309500,1
34200.317289601,1,4885371,14,310000,-1
34200.317289601,1,3562160,20,309500,1
34200.317289601,1,4885495,2700,310000,-1
34200.317289601,1,4291931,5000,309500,1
34200.317289601,1,4886246,120,310000,-1
34200.317289601,1,5980674,1,309500,1
34200.317289601,1,4886247,700,310000,-1
34200.317289601,1,5980676,200,309500,1
34200.317289601,1,4886471,46,310000,-1
34200.317289601,1,2140005,30,309400,1
34200.317289601,1,4886998,200,310000,-1
34200.317289601,1,4887141,170,310000,-1
34200.317289601,1,4887302,100,310000,-1
34200.317289601,1,5980692,200,310000,-1
34200.317289601,1,5980693,50,310000,-1
34200.317289601,1,5980695,499,310000,-1
34200.317289601,1,5980697,154,310000,-1
34200.317289601,1,5980698,250,310000,-1
34200.317289601,1,5980699,100,310000,-1
34200.317289601,1,5980702,100,310000,-1
34200.317289601,1,5980703,200,310000,-1
34200.317289601,1,5980704,130,310000,-1
34200.317289601,1,5980708,150,310000,-1
34200.317289601,1,5980709,202,310000,-1
34200.317289601,1,5980710,1000,310000,-1
34200.317289601,1,5980712,1000,310000,-1
34200.317289601,1,6016695,216,310000,-1
34200.317289601,1,7552907,300,310000,-1
34200.317289601,1,8589322,5500,310000,-1
34200.317289601,1,9940243,2000,310000,-1
34200.317289601,1,10030243,200,310000,-1
34200.317289601,1,10562940,100,310000,-1
34200.317289601,1,12644416,200,310000,-1
34200.317289601,1,12687322,1100,310000,-1
34200.317289601,1,12921845,150,310000,-1
34200.317289601,1,12991178,100,310000,-1
34200.317289601,1,1379744,199,310100,-1
34200.317289601,1,1507949,2000,310200,-1
34200.317289601,1,1370494,225,310400,-1
34200.317289601,1,1490846,5111,310400,-1
34200.317289601,1,1903560,901,310400,-1
34200.317289601,1,3097339,30,310400,-1
34200.317289601,1,5980715,100,310400,-1
34200.317289601,1,1287643,646,310500,-1
34200.317289601,1,1360094,134,310500,-1
34200.317289601,1,1366961,1000,310500,-1
34200.317289601,1,1368847,5250,310500,-1
34200.317289601,1,1570011,1911,310500,-1
34200.317289601,1,1903443,112,310500,-1
34200.317289601,1,1903525,200,310500,-1
34200.317289601,1,1903563,1200,310500,-1
34200.317289601,1,1903605,100,310500,-1
34200.317289601,1,1903613,30,310500,-1
34200.317289601,1,1903694,100,310500,-1
34200.317289601,1,2123076,31,310500,-1
34200.317289601,1,2131535,100,310500,-1
34200.317289601,1,3553084,1368,310500,-1
34200.317289601,1,4871000,70,310500,-1
34200.317289601,1,5980719,190,310500,-1
34200.317289601,1,5980723,100,310500,-1
34200.317289601,1,5980725,100,310500,-1
34200.317289601,1,7139837,220,310500,-1
34200.317289601,1,1360097,2000,310600,-1
34200.318659799,1,16190507,100,310300,-1
34200.318686493,3,16160123,100,310400,-1
34200.318686493,1,16190527,100,310500,-1
34200.318688733,3,16166225,100,309100,1
34200.318688733,1,16190529,100,309200,1
34200.318721057,1,16190540,100,309600,1
34200.318742165,4,7326600,5,309900,1
34200.318747321,3,16124881,100,308200,1
34200.318781359,1,16190566,100,309700,1
34200.318808505,3,16124903,100,308300,1
34200.318823441,3,16190527,100,310500,-1
34200.318823441,1,16190585,100,310600,-1
34200.318833047,3,16190507,100,310300,-1
34200.318860839,1,16190592,100,309900,-1
34200.318873831,4,1368569,50,309800,1
34200.318885744,1,16190605,100,307800,1
34200.318905076,1,16190609,10000,300500,1
34200.318950882,1,16190616,100,307900,1
34200.318963379,1,16190619,100,309900,-1
34200.319017192,3,16190605,100,307800,1
34200.319035628,4,1368569,195,309800,1
34200.319129179,2,16168686,1800,310600,-1
34200.319131718,3,16163114,1200,310100,-1
34200.319471656,1,16190770,1200,310000,-1
34200.319524579,3,15864572,1200,311000,-1
34200.319558555,3,16168807,200,310600,-1
34200.319558555,1,16190796,200,311300,-1
34200.320200176,1,16190991,1200,310100,-1
34200.320735037,1,16191105,3000,310200,-1
34200.320894073,3,15834920,100,308900,1
34200.320964161,3,15847601,100,309100,1
34200.321025443,3,15834937,100,311000,-1
34200.321071589,3,16190796,200,311300,-1
34200.321071589,1,16191192,200,310200,-1
34200.321074052,3,15847615,100,311100,-1
34200.321098662,3,16165335,200,311200,-1
34200.321098662,1,16191200,200,310300,-1
34200.321135317,3,16165333,200,311100,-1
34200.321135317,1,16191212,200,310400,-1
34200.321172446,3,16165321,200,311000,-1
34200.321172446,1,16191224,200,310500,-1
34200.321205471,3,16165310,200,310900,-1
34200.321205471,1,16191239,200,310600,-1
34200.322967801,4,16190592,100,309900,-1
34200.322967801,4,16190619,100,309900,-1
34200.323522654,3,16190991,1200,310100,-1
34200.323529221,3,16191105,3000,310200,-1
34200.32352956,3,16190770,1200,310000,-1
34200.323868803,3,16191192,200,310200,-1
34200.323868803,1,16191916,200,310900,-1
34200.323892248,3,16191200,200,310300,-1
34200.323892248,1,16191919,200,311000,-1
34200.323920677,3,16191212,200,310400,-1
34200.323920677,1,16191928,200,311100,-1
34200.323941365,3,16191224,200,310500,-1
34200.323941365,1,16191933,200,311200,-1
34200.323972574,3,16191239,200,310600,-1
34200.323972574,1,16191936,200,311300,-1
34200.324156259,1,16191972,1200,309400,1
34200.324158032,1,16191973,3000,310300,-1
34200.324250961,3,16085642,3000,308000,1
34200.324261537,1,16192000,1200,310100,-1
34200.324265308,3,15782093,1200,308400,1
34200.324266242,3,16142109,3000,308300,1
34200.324324686,1,16192012,100,308000,1
34200.324376879,2,16163311,200,310400,-1
34200.324391885,3,16190616,100,307900,1
34200.324427153,1,16192040,1200,310000,-1
34200.32452682,3,16191936,200,311300,-1
34200.32452682,1,16192061,200,310300,-1
34200.324527924,3,16189570,200,310200,-1
34200.324560582,3,16191933,200,311200,-1
34200.324560582,1,16192071,200,310400,-1
34200.324593567,3,16191928,200,311100,-1
34200.324593567,1,16192078,200,310500,-1
34200.324618027,3,16191919,200,311000,-1
34200.324618027,1,16192085,200,310600,-1
34200.325143449,1,16192198,3000,309300,1
34200.325229026,1,16192215,3000,310200,-1
34200.325267561,4,3581980,28,310000,-1
34200.325267561,4,3906511,100,310000,-1
34200.325267561,4,4743470,100,310000,-1
34200.325267561,4,4745892,267,310000,-1
34200.325267561,4,4748779,205,310000,-1
34200.325340175,1,16192237,200,310200,-1
34200.325523207,3,16142205,200,308100,1
34200.325523207,1,16192280,200,309300,1
34200.325548452,3,16142193,200,308200,1
34200.325548452,1,16192285,200,309200,1
34200.325601439,3,16142174,200,308300,1
34200.325601439,1,16192297,200,309100,1
34200.325612379,1,16192301,100,308100,1
34200.325633743,3,16163206,200,308400,1
34200.325633743,1,16192308,200,309000,1
34200.325661276,3,16163204,200,308500,1
34200.325661276,1,16192310,200,308900,1
34200.325684496,1,16192314,100,308200,1
34200.325688188,3,16169383,200,308600,1
34200.325688188,1,16192316,200,308800,1
34200.325704581,3,16192012,100,308000,1
34200.325718289,3,16191916,200,310900,-1
34200.325718289,1,16192331,200,310200,-1
34200.325772444,1,16192346,100,308300,1
34200.325793707,3,16192301,100,308100,1
34200.32584088,3,16192314,100,308200,1
34200.325906495,1,16192365,3000,309200,1
34200.327106635,1,16192566,100,309600,1
34200.327948978,2,16192198,1800,309300,1
34200.328193544,3,16192280,200,309300,1
34200.328193544,1,16192704,200,308600,1
34200.328220764,3,16192566,100,309600,1
34200.330060476,1,16192945,100,309900,-1
34200.330161795,1,16192966,100,309900,-1
34200.332263875,1,16193263,200,309700,1
34200.336364207,4,1368569,5,309800,1
34200.336364207,4,1370414,95,309800,1
34200.337736852,3,16193263,200,309700,1
34200.339841646,3,16190529,100,309200,1
34200.339841646,1,16194607,100,309300,1
34200.351542475,4,16192945,100,309900,-1
34200.352628739,1,16197394,100,309800,1
34200.354023715,4,1370414,100,309800,1
34200.358646021,4,16192966,72,309900,-1
34200.361732024,1,16199225,100,309800,1
34200.362833878,3,16197394,100,309800,1
34200.36513166,4,1370414,100,309800,1
34200.366314111,1,16200228,100,309900,-1
34200.368143858,1,16200677,100,297400,1
34200.368324212,3,16149461,96,311600,-1
34200.368373053,1,16200736,100,322400,-1
34200.368612065,3,16135101,300,309500,1
34200.36977536,4,1370414,5,309800,1
34200.36977536,4,1375833,5,309800,1
34200.36977536,4,2177947,50,309800,1
34200.36977536,4,16199225,100,309800,1
34200.370846048,3,16200228,100,309900,-1
34200.376790398,1,16202740,88,312600,-1
34200.381193668,1,16203672,300,309500,1
34200.38561777,4,16192966,28,309900,-1
34200.394100812,1,16207189,17,309600,1
34200.436653273,3,16200736,100,322400,-1
34200.436820239,1,16214613,100,322300,-1
34200.480973144,1,16224419,100,309700,1
34200.485083209,1,16225155,200,315000,-1
34200.485141783,1,16225169,200,305100,1
34200.485184547,1,16225183,200,321600,-1
34200.4852109,1,16225188,200,299300,1
34200.485632109,3,16192040,1200,310000,-1
34200.486349934,3,16192237,200,310200,-1
34200.558408679,1,16238323,43,309400,1
34200.572854959,3,14315296,100,249900,1
34200.573092491,3,14315295,100,367800,-1
34200.573254964,1,16241404,100,285500,1
34200.574087718,1,16241579,100,333900,-1
34200.57590661,1,16241916,96,311900,-1
34200.609281098,1,16248287,100,310000,-1
34200.657165591,1,16256772,200,309500,1
34200.657234114,3,15749154,400,308500,1
34200.675100516,4,4748779,700,310000,-1
34200.686881228,4,4748779,72,310000,-1
34200.725218196,1,16269371,100,309500,1
34200.743108805,1,16271908,200,309600,1
34200.743173374,3,15749226,400,308600,1
34200.747951025,1,16272491,100,306100,1
34200.748015902,1,16272499,100,313800,-1
34200.787236519,4,4748779,1134,310000,-1
34200.787236519,4,4749881,866,310000,-1
34200.822778592,1,16282845,100,325000,-1
34200.837898688,1,16284721,2076,320000,-1
34200.86492946,1,16288197,33,310000,-1
34200.876749065,3,16271908,200,309600,1
34200.879244261,3,16288197,33,310000,-1
34200.899799629,1,16292948,33,309900,-1
34200.899900203,1,16292963,100,309900,-1
34200.935533922,4,16292948,33,309900,-1
34200.935533922,4,16292963,100,309900,-1
34200.935533922,1,16298656,267,309800,1
34200.93562519,1,16298663,3000,309800,1
34200.935783065,1,16298681,100,309800,1
34200.93580687,3,16224419,100,309700,1
34200.935852834,1,16298686,100,309800,1
34200.935866394,3,16298681,100,309800,1
34200.935879551,1,16298690,100,309800,1
34200.935908989,3,16298690,100,309800,1
34200.936042082,3,16298686,100,309800,1
34200.936107702,1,16298714,100,309800,1
34200.943458859,1,16299435,100,310100,-1
34200.995117115,1,16305617,100,303600,1
34200.995225317,4,16298656,267,309800,1
34200.999894169,1,16306310,100,315600,-1
34201.032673727,3,16298663,3000,309800,1
34201.051162731,1,16317947,3000,309800,1
34201.060659636,1,16319638,100,310100,-1
34201.063535939,4,4749881,1001,310000,-1
34201.063535939,4,4751686,29,310000,-1
34201.063535939,4,4752136,87,310000,-1
34201.063535939,4,4752217,250,310000,-1
34201.063535939,4,4754975,141,310000,-1
34201.063535939,4,4756682,100,310000,-1
34201.063535939,4,4756755,392,310000,-1
34201.064849227,1,16320268,100,288100,1
34201.084130423,1,16323003,400,310000,-1
34201.085742287,4,16323003,400,310000,-1
34201.085742287,4,4756755,616,310000,-1
34201.085742287,4,4768364,889,310000,-1
34201.085742287,4,4885371,14,310000,-1
34201.085742287,4,4885495,1631,310000,-1
34201.133719803,3,16203672,300,309500,1
34201.139338826,1,16332196,300,310200,-1
34201.142313007,3,16317947,3000,309800,1
34201.145867096,1,16333185,300,309900,1
34201.145944751,1,16333190,100,309900,1
34201.145950642,3,16298714,100,309800,1
34201.147180582,1,16333290,200,309600,1
34201.182436477,1,16338595,9,309900,1
34201.360137944,1,13773845,300,309400,1
34201.360137944,1,5980729,550,310600,-1
34201.360137944,1,1368403,3,309300,1
34201.360137944,1,11474422,1000,310600,-1
34201.360137944,1,1379717,113,309300,1
34201.360137944,1,1477997,200,310700,-1
34201.360137944,1,2114014,15,309300,1
34201.360137944,1,1579706,600,310700,-1
34201.360137944,1,2177965,18,309300,1
34201.360137944,1,4886714,200,310700,-1
34201.360137944,1,3552998,100,309300,1
34201.360137944,1,11673189,600,310700,-1
34201.360137944,1,3735699,45,309300,1
34201.360137944,1,2114017,51,310800,-1
34201.360137944,1,4862259,25,309300,1
34201.360137944,1,2180591,2000,310800,-1
34201.360137944,1,4885670,9,309300,1
34201.360137944,1,3096844,100,310800,-1
34201.360137944,1,5980680,200,309300,1
34201.360137944,1,8782215,340,310800,-1
34201.360137944,1,5980681,1000,309300,1
34201.360137944,1,1500599,5556,310900,-1
34201.360137944,1,5980682,100,309300,1
34201.360137944,1,1902422,1000,310900,-1
34201.360137944,1,5980683,325,309300,1
34201.360137944,1,1903553,300,310900,-1
34201.360137944,1,11333711,6,309300,1
34201.360137944,1,3560462,100,310900,-1
34201.360137944,1,13429066,83,309300,1
34201.360137944,1,1334234,1000,311000,-1
34201.360137944,1,4885958,16,309100,1
34201.360137944,1,1345950,125,311000,-1
34201.360137944,1,1360230,50,309000,1
34201.360137944,1,1353301,238,311000,-1
34201.360137944,1,3065693,115,309000,1
34201.360137944,1,1353532,150,311000,-1
34201.360137944,1,3199415,200,309000,1
34201.360137944,1,1359049,1430,311000,-1
34201.360137944,1,3528468,600,309000,1
34201.360137944,1,1379921,50,311000,-1
34201.360137944,1,3554119,500,309000,1
34201.360137944,1,1488478,622,311000,-1
34201.360137944,1,4338455,100,309000,1
34201.360137944,1,1490693,2000,311000,-1
34201.360137944,1,4886395,1000,309000,1
34201.360137944,1,1491293,1600,311000,-1
34201.360137944,1,11372724,2,309000,1
34201.360137944,1,1500634,100,311000,-1
34201.360137944,1,8995513,7,308800,1
34201.360137944,1,1544080,194,311000,-1
34201.360137944,1,10611816,200,308800,1
34201.360137944,1,1587622,500,311000,-1
34201.360137944,1,11628413,500,308800,1
34201.360137944,1,1596641,540,311000,-1
34201.360137944,1,3565461,460,308700,1
34201.360137944,1,1597268,100,311000,-1
34201.360137944,1,1657258,100,311000,-1
34201.360137944,1,1902763,1300,311000,-1
34201.360137944,1,1902789,200,311000,-1
34201.360137944,1,1902852,500,311000,-1
34201.360137944,1,1903928,600,311000,-1
34201.360137944,1,1903938,99,311000,-1
34201.360137944,1,2127307,20,311000,-1
34201.360137944,1,2159560,15,311000,-1
34201.360137944,1,2176485,15,311000,-1
34201.360137944,1,3558663,402,311000,-1
34201.360137944,1,4748430,2222,311000,-1
34201.360137944,1,4752094,192,311000,-1
34201.360137944,1,4885523,500,311000,-1
34201.360137944,1,5980765,200,311000,-1
34201.360137944,1,5980767,24,311000,-1
34201.360137944,1,5980769,96,311000,-1
34201.360137944,1,7328056,336,311000,-1
34201.360137944,1,8844062,100,311000,-1
34201.360137944,1,8999690,100,311000,-1
34201.360137944,1,11542470,200,311000,-1
34201.360137944,1,13540696,1000,311000,-1
34201.360137944,1,1874612,300,311100,-1
34201.369982515,4,16333185,100,309900,1
34201.377337785,4,16333185,200,309900,1
34201.377739191,3,16338595,9,309900,1
34201.381712538,1,16364382,300,310300,-1
34201.384791757,1,16364678,300,310400,-1
34201.397550235,1,16365900,300,309900,1
34201.628977093,4,16333190,100,309900,1
34201.628977093,4,16365900,300,309900,1
34201.628977093,5,0,579,309900,1
34201.629116688,1,16387882,3000,310000,-1
34201.629134207,1,16387886,100,310000,-1
34201.6291582,1,16387891,3000,310000,-1
34201.629166547,1,16387892,100,310000,-1
34201.629252139,3,16387891,3000,310000,-1
34201.629265113,3,16387892,100,310000,-1
34201.629611035,3,16333290,200,309600,1
34201.629621208,3,16256772,200,309500,1
34201.634618703,1,16388500,3000,310000,-1
34201.634655565,1,16388505,100,310000,-1
34201.634705167,3,16388500,3000,310000,-1
34201.634735503,3,16388505,100,310000,-1
34201.644925875,4,4885495,500,310000,-1
34201.672666025,1,16391936,200,310100,-1
34201.672747503,3,15688255,400,311100,-1
34201.673213206,1,16391999,200,310200,-1
34201.71143199,3,16387882,3000,310000,-1
34201.745137522,1,16397137,200,310000,-1
34201.745283754,3,15629041,400,311000,-1
34201.746521107,5,0,21,309900,1
34201.746887122,3,16387886,100,310000,-1
34201.927354706,4,1372100,100,309700,1
34201.927354706,4,3559741,148,309700,1
34201.927354706,4,4887006,1,309700,1
34201.927354706,4,4887010,4,309700,1
34201.927354706,4,16190566,47,309700,1
34201.928687113,3,16191972,1200,309400,1
34201.928693104,2,16192365,1800,309200,1
34201.928846611,3,16192285,200,309200,1
34201.928846611,1,16407556,200,308500,1
34201.928890476,3,16192297,200,309100,1
34201.928890476,1,16407562,200,308400,1
34201.928926179,3,16192308,200,309000,1
34201.928926179,1,16407564,200,308300,1
34201.928946161,3,16192310,200,308900,1
34201.928946161,1,16407565,200,308200,1
34201.929374451,1,16407595,3000,309100,1
34201.929565741,3,16407565,200,308200,1
34201.929565741,1,16407622,200,309100,1
34201.92959064,3,16407564,200,308300,1
34201.92959064,1,16407628,200,309000,1
34201.92963885,3,16407562,200,308400,1
34201.92963885,1,16407633,200,308900,1
34202.02950681,4,16190566,53,309700,1
34202.029599998,1,16415403,3000,309900,-1
34202.029635069,1,16415404,100,309900,-1
34202.029666078,1,16415406,3000,309900,-1
34202.029676351,1,16415409,100,309900,-1
34202.029677519,1,16415410,100,311700,-1
34202.029703004,1,16415411,100,309900,-1
34202.029745293,3,16364678,300,310400,-1
34202.029746864,1,16415415,100,311600,-1
34202.029767717,3,16415406,3000,309900,-1
34202.029789605,3,16415411,100,309900,-1
34202.029823606,1,16415424,100,311500,-1
34202.029846993,3,16415410,100,311700,-1
34202.029899108,1,16415429,100,311400,-1
34202.029920014,3,16415415,100,311600,-1
34202.029965206,1,16415435,100,311300,-1
34202.029988842,3,16415424,100,311500,-1
34202.030044836,1,16415446,100,311200,-1
34202.030066529,3,16415429,100,311400,-1
34202.030116994,3,16415435,100,311300,-1
34202.032047645,3,16190585,100,310600,-1
34202.032047645,1,16415602,100,310500,-1
34202.032348082,3,16170086,200,309400,1
34202.032380019,1,16415630,3000,309700,-1
34202.032413064,1,16415632,100,309700,-1
34202.032423364,1,16415634,3000,309700,-1
34202.032438081,1,16415636,100,309800,-1
34202.032455808,1,16415639,100,309700,-1
34202.032473769,3,16415446,100,311200,-1
34202.032523723,3,16415634,3000,309700,-1
34202.032541051,3,16415639,100,309700,-1
34202.148506982,3,16415404,100,309900,-1
34202.148535647,3,16415632,100,309700,-1
34202.171493941,1,16424993,100,279000,1
34202.192407335,1,16429213,3000,321000,-1
34202.193303774,1,16429431,100,300500,1
34202.196647245,1,16430326,100,333300,-1
34202.19787224,3,11016419,100,392400,-1
34202.19803035,1,16430699,100,309900,-1
34202.19842255,1,16430814,70,295000,1
34202.198561334,3,1592771,2000,287000,1
34202.205491029,3,15749225,7748,310900,-1
34202.207712938,3,10562940,100,310000,-1
34202.208477004,1,16433322,100,309600,1
34202.210162226,3,11016418,100,225300,1
34202.210230372,1,16433720,3000,292000,1
34202.212260065,3,1550624,100,20000000,-1
34202.212833336,3,4887141,170,310000,-1
34202.212870995,3,4887302,100,310000,-1
34202.212916044,3,4886247,700,310000,-1
34202.214995101,5,0,100,309650,-1
34202.217375651,1,16435546,3000,286000,1
34202.218237968,3,4886246,120,310000,-1
34202.219359026,1,16436017,400,325000,-1
34202.219867212,1,16436146,200,309900,-1
34202.224789387,1,16437363,500,300000,1
34202.227409688,3,4886998,200,310000,-1
34202.228403136,3,4886471,46,310000,-1
34202.232150932,3,7552907,300,310000,-1
34202.234931207,5,0,300,309650,-1
34202.247991566,3,4885495,569,310000,-1
34202.249051667,1,16443743,100,275000,1
34202.252527464,1,16444906,1200,283200,1
34202.254366433,1,16445408,2000,287000,1
34202.25442085,1,16445431,3500,257600,1
34202.255182425,3,16430699,100,309900,-1
34202.259298784,1,16446733,90,310000,-1
34202.26039039,3,16436146,200,309900,-1
34202.262084903,1,16447573,236,310000,-1
34202.263232158,5,0,920,309650,-1
34202.263286985,1,16447903,100,288000,1
34202.264004113,1,16448086,100,288000,1
34202.266330402,1,16448785,100,345000,-1
34202.266999012,1,16448995,1200,260000,1
34202.267966526,1,16449299,100,345000,-1
34202.268463358,1,16449479,100,320000,-1
34202.269209658,1,16449713,100,309800,-1
34202.269987583,1,16449977,100,340000,-1
34202.271151031,1,16450397,100,290000,1
34202.275093721,1,16451095,400,302000,1
34202.289863381,3,16446733,90,310000,-1
34202.293916996,3,16447573,236,310000,-1
34202.301006479,5,0,100,309650,-1
34202.31074005,5,0,100,309650,-1
34202.315003413,1,16457304,100,371600,-1
34202.325557569,5,0,400,309650,-1
34202.325568106,5,0,600,309650,-1
34202.327299069,5,0,600,309650,-1
34202.328149071,5,0,600,309650,-1
34202.328558325,5,0,400,309650,-1
34202.32892823,5,0,400,309650,-1
34202.333700071,5,0,500,309650,-1
34202.333957572,5,0,400,309650,-1
34202.334565433,5,0,600,309650,-1
34202.334749942,5,0,600,309650,-1
34202.336670755,5,0,400,309650,-1
34202.337438029,3,16415403,3000,309900,-1
34202.337445852,3,16415630,3000,309700,-1
34202.337507591,1,16460426,100,309900,-1
34202.337548541,3,16118930,100,310200,-1
34202.337565967,5,0,300,309650,-1
34202.337979194,1,16460489,100,371600,-1
34202.338288183,5,0,500,309650,-1
34202.340623547,5,0,100,309650,-1
34202.343025766,5,0,100,309650,-1
34202.343359679,5,0,100,309650,-1
34202.348421991,5,0,100,309650,-1
34202.350364317,5,0,100,309650,-1
34202.389744135,1,16468269,200,309500,1
34202.390284122,1,16468343,200,309400,1
34202.406855203,5,0,100,309750,-1
34202.407430676,1,16470491,1200,309400,1
34202.445580567,3,16433322,100,309600,1
34202.445580567,1,16474699,100,309700,1
34202.47597929,3,16468269,200,309500,1
34202.476693577,1,16477680,1400,350000,-1
34202.47986657,4,16474699,100,309700,1
34202.479940266,1,16477996,3000,309800,-1
34202.47997661,1,16477998,100,309800,-1
34202.481305684,1,16478159,3000,309700,-1
34202.48134956,1,16478166,100,309700,-1
34202.481420225,1,16478174,100,309700,-1
34202.481430203,3,16477996,3000,309800,-1
34202.481460507,3,16477998,100,309800,-1
34202.481499014,3,16478174,100,309700,-1
34202.526669897,3,16449713,100,309800,-1
34202.542731931,1,16484332,8,310000,-1
34202.570377933,3,16478159,3000,309700,-1
34202.587307453,3,16478166,100,309700,-1
34202.592737563,3,16397137,200,310000,-1
34202.651366109,1,16494933,100,300000,1
34202.688787271,3,10426539,81,309600,1
34202.775155708,5,0,400,309750,-1
34202.775155708,5,0,1300,309750,-1
34202.786136885,1,16507754,200,309800,-1
34202.788632157,5,0,213,309750,-1
34202.788632157,4,16415636,100,309800,-1
34202.788632157,4,16507754,200,309800,-1
34202.788705508,1,16508022,100,311700,-1
34202.78872777,1,16508027,3000,309700,1
34202.788753468,1,16508028,100,309700,1
34202.788767639,3,16508022,100,311700,-1
34202.788797206,1,16508030,100,307800,1
34202.788861021,1,16508043,100,307900,1
34202.788929103,1,16508054,100,308000,1
34202.788949692,3,16508030,100,307800,1
34202.789042376,1,16508068,100,308100,1
34202.789068902,3,16508043,100,307900,1
34202.789128785,1,16508093,100,308200,1
34202.789149156,3,16508054,100,308000,1
34202.789215039,3,16508068,100,308100,1
34202.795676744,1,16508787,3000,309800,1
34202.795713092,1,16508789,100,309800,1
34202.796113579,1,16508834,200,309600,1
34202.79632065,3,16415602,100,310500,-1
34202.79632065,1,16508856,100,310600,-1
34202.79656152,3,16391936,200,310100,-1
34202.796727789,1,16508886,200,309500,1
34202.808556116,1,16509827,1200,309600,1
34202.808622977,3,16138350,1200,308600,1
34202.808623454,3,16149096,3000,308500,1
34202.808720408,3,16407556,200,308500,1
34202.808720408,1,16509840,200,309500,1
34202.808759686,3,16192704,200,308600,1
34202.808759686,1,16509846,200,309400,1
34202.808787485,1,16509849,100,308500,1
34202.808796946,3,16169370,200,308700,1
34202.808796946,1,16509852,200,309300,1
34202.80882089,3,16508093,100,308200,1
34202.808823153,3,16192316,200,308800,1
34202.808823153,1,16509855,200,309200,1
34202.808855873,1,16509860,100,308600,1
34202.808874179,3,16192346,100,308300,1
34202.809123987,1,16509884,3000,309500,1
34202.811103729,4,16415409,100,309900,-1
34202.811103729,4,16460426,100,309900,-1
34202.811174563,1,16510055,100,311700,-1
34202.811206976,1,16510061,100,309800,1
34202.81122988,3,16510061,100,309800,1
34202.811240128,3,16510055,100,311700,-1
34202.81127774,1,16510069,100,307800,1
34202.811309892,1,16510073,300,310400,-1
34202.811339746,1,16510079,100,307900,1
34202.81140193,1,16510094,100,308000,1
34202.811417856,3,16510069,100,307800,1
34202.811468976,1,16510099,100,308100,1
34202.811489671,3,16510079,100,307900,1
34202.811542025,1,16510105,100,308200,1
34202.811556682,3,16510094,100,308000,1
34202.811607866,1,16510113,100,308300,1
34202.811628261,3,16510099,100,308100,1
34202.811678365,3,16510105,100,308200,1
34202.812212771,3,16508028,100,309700,1
34202.814291164,1,16510390,3000,309900,1
34202.814363188,1,16510397,3000,309900,1
34202.814439142,3,16510397,3000,309900,1
34202.880142742,3,16508787,3000,309800,1
34202.880207965,1,16516308,100,309800,1
34202.880230179,3,16510113,100,308300,1
34202.901121476,3,16510390,3000,309900,1
34202.901133898,3,16508789,100,309800,1
34202.901668707,2,16509884,1800,309500,1
34202.901851263,3,16407633,200,308900,1
34202.901851263,1,16517967,200,309600,1
34202.952374765,1,16522272,100,309900,1
34203.013328354,1,16528157,120,312500,-1
34203.027641103,1,16529813,100,320000,-1
34203.041972671,4,16522272,100,309900,1
34203.042059008,1,16531141,3000,310000,-1
34203.042088308,1,16531143,100,310000,-1
34203.094316651,3,16508027,3000,309700,1
34203.094876101,3,16509827,1200,309600,1
34203.106926877,3,16509884,1200,309500,1
34203.106963625,3,16508834,200,309600,1
34203.106966664,3,16508886,200,309500,1
34203.125322164,3,16531141,3000,310000,-1
34203.15985617,3,16531143,100,310000,-1
34203.169431334,1,16542628,100,320000,-1
34203.192074392,1,16544714,400,310000,-1
34203.439031043,1,16566966,200,329500,-1
34203.549651585,1,16576783,3000,309900,-1
34203.54969564,1,16576787,100,309900,-1
34203.549733619,1,16576792,100,309900,-1
34203.54973853,3,16508856,100,310600,-1
34203.54973853,1,16576793,100,310500,-1
34203.549775325,1,16576799,100,309900,-1
34203.549827386,3,16510073,300,310400,-1
34203.549853366,3,16576799,100,309900,-1
34203.552959065,4,16576783,400,309900,-1
34203.554902694,4,16576783,400,309900,-1
34203.554995134,4,16576783,300,309900,-1
34203.56048498,1,16577631,111,330000,-1
34203.627315512,3,16576783,1900,309900,-1
34203.630103779,1,16585452,1000,340000,-1
34203.634709158,1,16586014,1500,340000,-1
34203.644133236,1,16587121,200,350000,-1
34203.663326906,3,16576787,100,309900,-1
34203.699275543,1,16592339,100,309900,-1
34203.716688438,4,16576792,100,309900,-1
34203.716932465,4,16592339,100,309900,-1
34203.716932465,4,16544714,400,310000,-1
34203.716932465,5,0,100,309900,-1
34203.717027808,1,16594939,3000,309900,1
34203.7170668,1,16594944,3000,309900,1
34203.717098285,1,16594947,100,309700,1
34203.717113574,3,16509849,100,308500,1
34203.717119409,1,16594950,300,310400,-1
34203.717198662,3,16594944,3000,309900,1
34203.718924166,4,16594939,700,309900,1
34203.71908491,4,16594939,500,309900,1
34203.720226702,4,16594939,500,309900,1
34203.720284021,4,16594939,400,309900,1
34203.721069654,4,16594939,500,309900,1
34203.721372773,4,16594939,400,309900,1
34203.721473339,1,16595357,3000,310000,-1
34203.721494987,1,16595361,100,310000,-1
34203.721772603,1,16595382,3000,309900,-1
34203.72180426,1,16595387,100,309900,-1
34203.72188373,1,16595399,100,309900,-1
34203.721894532,3,16595357,3000,310000,-1
34203.721922408,3,16595361,100,310000,-1
34203.721924686,3,16594950,300,310400,-1
34203.721958024,3,16595399,100,309900,-1
34203.721994197,1,16595416,100,309900,-1
34203.741335069,4,16595382,3000,309900,-1
34203.741335069,4,16595387,100,309900,-1
34203.741335069,4,16595416,100,309900,-1
34203.741335069,5,0,100,309900,-1
34203.741453959,1,16597052,3000,309800,1
34203.741482644,1,16597055,3000,309800,1
34203.741497783,1,16597061,300,310400,-1
34203.741964391,1,5980687,35,308700,1
34203.741964391,1,1902426,1000,311100,-1
34203.741964391,1,9096719,161,308700,1
34203.741964391,1,1902662,7,311100,-1
34203.741964391,1,10391945,320,308700,1
34203.741964391,1,4885739,100,311100,-1
34203.741964391,1,8232970,500,308600,1
34203.741964391,1,11554202,1000,311100,-1
34203.741964391,1,2156962,150,308500,1
34203.741964391,1,12642581,1500,311100,-1
34203.741964391,1,2174424,50,308500,1
34203.741964391,1,1493857,333,311200,-1
34203.741964391,1,3815098,310,308500,1
34203.741964391,1,1902638,147,311200,-1
34203.741964391,1,9782168,1000,308500,1
34203.741964391,1,4885626,146,311200,-1
34203.741964391,1,11188775,163,308500,1
34203.741964391,1,6796486,500,311200,-1
34203.741964391,1,2123005,200,308000,1
34203.741964391,1,1364516,100,311300,-1
34203.741964391,1,2123080,100,308000,1
34203.741964391,1,1902643,100,311300,-1
34203.741964391,1,2678559,100,308000,1
34203.741964391,1,1903612,800,311300,-1
34203.741964391,1,2796705,1000,308000,1
34203.741964391,1,5980772,400,311300,-1
34203.741964391,1,3554590,40,308000,1
34203.741964391,1,2122496,4,311400,-1
34203.741964391,1,3732638,300,308000,1
34203.741964391,1,1334249,400,311500,-1
34203.741964391,1,4866918,375,308000,1
34203.741964391,1,1359766,212,311500,-1
34203.741964391,1,4885658,3280,308000,1
34203.741964391,1,1474804,100,311500,-1
34203.741964391,1,4886453,80,308000,1
34203.741964391,1,1505579,1000,311500,-1
34203.741964391,1,9835426,80,308000,1
34203.741964391,1,1896196,1000,311500,-1
34203.741964391,1,12593655,50,308000,1
34203.741964391,1,1902699,380,311500,-1
34203.741964391,1,9292538,300,307800,1
34203.741964391,1,1903523,11,311500,-1
34203.741964391,1,9482699,300,307800,1
34203.741964391,1,1903558,271,311500,-1
34203.741964391,1,1365991,10,307500,1
34203.741964391,1,2112111,35,311500,-1
34203.741964391,1,3200108,1000,311500,-1
34203.741964391,1,3553175,2500,311500,-1
34203.741964391,1,3556380,300,311500,-1
34203.741964391,1,4885886,500,311500,-1
34203.741964391,1,5980777,280,311500,-1
34203.741964391,1,5980779,50,311500,-1
34203.741964391,1,5980781,400,311500,-1
34203.741964391,1,11733864,100,311500,-1
34203.741964391,1,11970101,50,311500,-1
34203.741964391,1,13167589,70,311500,-1
34203.741964391,1,1366700,323,311600,-1
34203.744240803,1,16597313,100,309800,1
34203.744534357,1,16597334,3000,309900,1
34203.74460925,3,16597055,3000,309800,1
34203.744802768,3,16597313,100,309800,1
34203.744943175,1,16597374,100,309900,1
34203.74512928,3,16576793,100,310500,-1
34203.74512928,1,16597396,100,310600,-1
34203.747989329,3,16391999,200,310200,-1
34203.748320915,1,16597714,200,309600,1
34203.748547071,3,16407628,200,309000,1
34203.748547071,1,16597737,200,309700,1
34203.748885315,1,16597782,400,309500,1
34203.749214919,4,5980692,200,310000,-1
34203.749214919,4,5980693,50,310000,-1
34203.749214919,4,5980695,211,310000,-1
34203.750457232,3,16597714,200,309600,1
34203.750457671,3,16597782,400,309500,1
34203.751005271,1,16597969,1200,309500,1
34203.754005043,1,16598307,200,309600,1
34203.754132679,1,16598326,1200,309600,1
34203.754574694,1,16598371,400,309500,1
34203.800013137,4,5980695,288,310000,-1
34203.800013137,4,5980697,154,310000,-1
34203.800013137,4,5980698,250,310000,-1
34203.800013137,4,5980699,100,310000,-1
34203.800013137,4,5980702,100,310000,-1
34203.800013137,4,5980703,200,310000,-1
34203.800013137,4,5980704,130,310000,-1
34203.800013137,4,5980708,150,310000,-1
34203.800013137,4,5980709,128,310000,-1
34203.811535468,1,16603416,499,310000,-1
34203.832313072,3,16597052,3000,309800,1
34203.832961297,3,16598326,1200,309600,1
34203.83296761,3,16598307,200,309600,1
34203.832968638,3,16598371,400,309500,1
34203.895973687,3,5980709,74,310000,-1
34203.896086767,3,5980710,1000,310000,-1
34203.909030862,1,16613317,575,310000,-1
34204.052740474,3,16597334,3000,309900,1
34204.267880787,4,16597374,100,309900,1
34204.267976992,1,16648137,3000,310000,-1
34204.268543927,1,16648205,300,309900,1
34204.268623239,1,16648212,3000,309900,1
34204.268639687,1,16648216,100,309900,1
34204.268678595,1,16648225,300,309900,1
34204.273165999,1,16648822,100,309900,1
34204.273196928,1,16648824,500,309900,1
34204.275191936,4,16648205,300,309900,1
34204.408999416,4,5980712,1000,310000,-1
34204.408999416,4,6016695,216,310000,-1
34204.408999416,4,8589322,4184,310000,-1
34204.409427607,1,16662107,200,309500,1
34204.411183071,4,16648212,2076,309900,1
34204.448846199,1,16665272,1000,318000,-1
34204.451755053,4,8589322,1316,310000,-1
34204.451755053,4,9940243,984,310000,-1
34204.454392578,1,16665733,200,306800,1
34204.456386082,1,16665906,50,306800,1
34204.456882407,1,16665941,100,313100,-1
34204.460799302,1,16666278,25,313100,-1
34204.462877354,1,16666437,200,306800,1
34204.465129641,1,16666600,50,306800,1
34204.467222908,1,16666717,100,313100,-1
34204.469361582,1,16666879,25,313100,-1
34204.471470075,1,16666999,50,306800,1
34204.473309766,1,16667171,25,313100,-1
34204.475336659,1,16667317,200,306800,1
34204.475445888,1,16667320,100,313100,-1
34204.51931924,3,16648216,100,309900,1
34204.52261937,1,16671785,2100,300700,1
34204.55797185,4,9940243,1016,310000,-1
34204.55797185,4,10030243,184,310000,-1
34204.587224715,3,16648137,3000,310000,-1
34204.587225382,3,16648212,924,309900,1
34204.76387733,4,16648225,300,309900,1
34204.76387733,4,16648822,100,309900,1
34204.76387733,4,16648824,100,309900,1
34204.769303272,4,10030243,16,310000,-1
34204.769303272,4,12644416,200,310000,-1
34204.769303272,4,12687322,1100,310000,-1
34204.769303272,4,12921845,150,310000,-1
34204.769303272,4,12991178,100,310000,-1
34204.769303272,4,16119145,100,310000,-1
34204.769303272,4,16160020,5334,310000,-1
34204.769389648,1,16692571,100,311400,-1
34204.769478937,3,16692571,100,311400,-1
34204.769891702,3,16191973,3000,310300,-1
34204.769899896,3,16192215,3000,310200,-1
34204.769907322,3,16192000,1200,310100,-1
34204.770076996,3,16192331,200,310200,-1
34204.770076996,1,16692620,200,310900,-1
34204.770116686,3,16192061,200,310300,-1
34204.770116686,1,16692621,200,311000,-1
34204.770134259,3,16192071,200,310400,-1
34204.770134259,1,16692624,200,311100,-1
34204.770160945,3,16192078,200,310500,-1
34204.770160945,1,16692627,200,311200,-1
34204.770195606,3,16192085,200,310600,-1
34204.770195606,1,16692629,200,311300,-1
34204.770474517,3,16407622,200,309100,1
34204.770474517,1,16692659,200,309800,1
34204.770532891,1,16692665,1200,310500,-1
34204.770540882,1,16692668,100,308100,1
34204.770612188,1,16692672,100,308200,1
34204.770682322,1,16692675,100,308300,1
34204.770699827,3,16692668,100,308100,1
34204.770747513,3,16692672,100,308200,1
34204.773492555,4,16160020,1266,310000,-1
34204.773492555,4,16248287,100,310000,-1
34204.773492555,4,16484332,8,310000,-1
34204.773492555,4,16603416,499,310000,-1
34204.773492555,4,16613317,69,310000,-1
34204.986876707,4,16613317,506,310000,-1
34204.986976791,1,16712588,3000,309900,1
34204.986998546,1,16712590,100,309900,1
34204.987686239,1,16712648,200,309600,1
34204.988030057,3,16163311,200,310400,-1
34204.988030692,3,16163205,200,310300,-1
34204.988032493,3,16163457,400,310500,-1
34204.988034118,3,16163573,400,310600,-1
34204.988046914,1,16712678,400,311000,-1
34204.988424913,1,16712705,2200,310000,1
34204.988442207,1,16712706,100,310000,1
34204.988495857,1,16712712,3000,310000,1
34204.988518837,1,16712714,100,310000,1
34204.988557722,3,16712588,3000,309900,1
34204.988569883,3,16712590,100,309900,1
34204.98866388,3,16712712,3000,310000,1
34204.988672382,3,16712714,100,310000,1
34204.99045027,1,16712887,100,309900,1
34204.993717561,4,1379744,199,310100,-1
34204.993717561,4,16119035,100,310100,-1
34204.993717561,4,16299435,100,310100,-1
34204.993717561,4,16319638,100,310100,-1
34204.993798893,1,16713156,2200,310000,1
34204.993804278,1,16713157,100,311400,-1
34204.993829538,1,16713161,100,310000,1
34204.993865409,1,16713168,100,308100,1
34204.993898778,3,16713157,100,311400,-1
34204.993935382,1,16713172,100,308200,1
34204.994002361,3,16713168,100,308100,1
34204.994696877,3,16332196,300,310200,-1
34204.995263206,1,16713300,1200,309600,1
34205.010263219,1,16714701,1200,309700,1
34205.010331262,3,16169307,3000,308700,1
34205.01367396,1,16715119,100,310000,1
34205.020439698,3,16194607,100,309300,1
34205.020439698,1,16715756,100,309400,1
34205.02083081,3,16597396,100,310600,-1
34205.02083081,1,16715793,100,310700,-1
34205.021034458,1,16715813,200,309700,1
34205.021094582,3,15749202,200,308700,1
34205.021350896,1,16715829,100,310100,1
34205.021433709,3,16713161,100,310000,1
34205.021453915,1,16715842,2200,310100,1
34205.021523862,3,16713156,2200,310000,1
34205.023034101,3,16712706,100,310000,1
34205.023932326,1,16716063,100,306800,1
34205.024000765,1,16716069,50,313100,-1
34205.026113119,4,1507949,700,310200,-1
34205.029462199,3,16712887,100,309900,1
34205.029941615,3,16714701,1200,309700,1
34205.032207827,4,1507949,1300,310200,-1
34205.032283474,1,16716812,100,310200,1
34205.032297208,1,16716814,2200,310200,1
34205.032304229,1,16716817,100,310200,1
34205.032352407,3,16713172,100,308200,1
34205.032400454,3,16716817,100,310200,1
34205.032461107,3,16364382,300,310300,-1
34205.033755176,1,16716943,100,310300,-1
34205.033833496,1,16716957,100,310300,-1
34205.035602109,3,16715829,100,310100,1
34205.036730702,4,16716943,100,310300,-1
34205.036730702,4,16716957,100,310300,-1
34205.036832214,1,16717232,100,310200,1
34205.038023034,1,16717372,1200,309800,1
34205.038061968,3,16145541,1200,308800,1
34205.039785377,1,16717696,1100,310000,1
34205.047939979,4,16717232,100,310200,1
34205.047939979,4,16716812,100,310200,1
34205.047939979,4,16716814,500,310200,1
34205.051497673,4,16716814,200,310200,1
34205.052122998,4,16716814,200,310200,1
34205.06606664,4,16716814,300,310200,1
34205.067637736,4,16716814,300,310200,1
34205.068217855,1,16720238,1200,309700,1
34205.069080969,4,16716814,500,310200,1
34205.071328602,4,16716814,200,310200,1
34205.071398491,1,16720517,100,308100,1
34205.071421345,1,16720518,3000,310200,-1
34205.071458371,1,16720521,100,310200,-1
34205.071464381,1,16720522,2200,310300,-1
34205.071469438,1,16720524,100,308200,1
34205.071493097,1,16720527,100,310200,-1
34205.071494255,1,16720528,100,310300,-1
34205.071529635,3,16720517,100,308100,1
34205.07155734,1,16720532,100,310200,-1
34205.071594399,1,16720537,100,310200,-1
34205.071671334,3,16720537,100,310200,-1
34205.071693654,3,16720532,100,310200,-1
34205.071879063,3,16717372,1200,309800,1
34205.07633184,4,16720518,198,310200,-1
34205.078116841,3,16720238,1200,309700,1
34205.088052985,1,16721961,300,309900,1
34205.091424633,1,16722218,60,309900,1
34205.125999274,4,16715842,30,310100,1
34205.155318993,3,16720518,2802,310200,-1
34205.155321742,3,16720522,2200,310300,-1
34205.187322767,3,16720528,100,310300,-1
34205.187323321,3,16720521,100,310200,-1
34205.208371674,4,16715842,500,310100,1
34205.248226517,4,16715842,42,310100,1
34205.271635913,4,16715842,1628,310100,1
34205.271695838,1,16742252,900,310100,-1
34205.271731127,1,16742253,2200,310100,-1
34205.271755398,1,16742257,500,310100,-1
34205.271783433,1,16742258,2200,310100,-1
34205.271786055,3,16715793,100,310700,-1
34205.271786055,1,16742259,100,310600,-1
34205.271825558,1,16742263,3000,310100,-1
34205.271900325,3,16715756,100,309400,1
34205.271900325,1,16742270,100,309300,1
34205.271944928,3,16742258,2200,310100,-1
34205.271966407,3,16742263,3000,310100,-1
34205.272206452,3,16713300,1200,309600,1
34205.275054023,1,16742592,300,310000,1
34205.275575767,1,16742645,400,310100,-1
34205.279020005,3,16742257,500,310100,-1
34205.280082665,3,16742645,400,310100,-1
34205.282471472,4,16712705,72,310000,1
34205.294394997,3,16712705,2128,310000,1
34205.327562395,3,16509855,200,309200,1
34205.327562395,1,16748493,200,309900,1
34205.354213668,3,16742253,2200,310100,-1
34205.408039943,3,16149379,96,307500,1
34205.408232602,3,16742252,900,310100,-1
34205.410262682,3,16742270,100,309300,1
34205.410262682,1,16754596,100,309400,1
34205.411966055,3,16742259,100,310600,-1
34205.411966055,1,16754775,100,310700,-1
34205.483685258,3,16754775,100,310700,-1
34205.483685258,1,16761182,100,310600,-1
34205.48372152,3,16754596,100,309400,1
34205.48372152,1,16761184,100,309300,1
34205.4837863,3,16720524,100,308200,1
34205.536745152,1,16764739,96,307300,1
34205.546136882,1,1992433,30,307500,1
34205.546136882,1,1904267,300,311600,-1
34205.546136882,1,3577596,10,307500,1
34205.546136882,1,1902756,50,311800,-1
34205.546136882,1,5925646,350,307500,1
34205.546136882,1,1992436,550,311800,-1
34205.546136882,1,2123078,200,307100,1
34205.546136882,1,3557473,200,311800,-1
34205.546136882,1,2174851,3,307100,1
34205.546136882,1,5980786,1000,311800,-1
34205.546136882,1,11454645,111,307100,1
34205.546136882,1,1221678,1500,311900,-1
34205.546136882,1,2133327,100,307000,1
34205.546136882,1,1860833,95,311900,-1
34205.546136882,1,4862270,350,307000,1
34205.546136882,1,5980793,100,311900,-1
34205.546136882,1,4886031,200,307000,1
34205.546136882,1,1347953,400,312000,-1
34205.546136882,1,4886740,168,307000,1
34205.546136882,1,1372206,1000,312000,-1
34205.546136882,1,5088488,500,307000,1
34205.546136882,1,1488620,1111,312000,-1
34205.546136882,1,5980689,200,307000,1
34205.546136882,1,1579635,177,312000,-1
34205.546136882,1,5980691,1000,307000,1
34205.546136882,1,1597623,200,312000,-1
34205.546136882,1,7710403,100,307000,1
34205.546136882,1,1797649,100,312000,-1
34205.546136882,1,10469229,75,307000,1
34205.546136882,1,1859689,183,312000,-1
34205.546136882,1,11421316,100,307000,1
34205.546136882,1,1874578,7760,312000,-1
34205.546136882,1,11423104,100,307000,1
34205.546136882,1,1902369,50,312000,-1
34205.546136882,1,12261631,200,307000,1
34205.546136882,1,1902487,200,312000,-1
34205.546136882,1,2123002,25,306900,1
34205.546136882,1,1902561,259,312000,-1
34205.546136882,1,1372247,500,306800,1
34205.546136882,1,1904256,10,312000,-1
34205.546136882,1,2119943,75,306800,1
34205.546136882,1,2115930,134,312000,-1
34205.546136882,1,1372386,10,306500,1
34205.546136882,1,2132605,30,312000,-1
34205.546136882,1,2174479,95,312000,-1
34205.546136882,1,3199656,300,312000,-1
34205.546136882,1,3199897,400,312000,-1
34205.546136882,1,3561288,200,312000,-1
34205.546136882,1,3565560,140,312000,-1
34205.546136882,1,3581995,150,312000,-1
34205.546136882,1,4885747,500,312000,-1
34205.546136882,1,4886459,600,312000,-1
34205.546136882,1,4886868,600,312000,-1
34205.546136882,1,4887087,40,312000,-1
34205.546136882,1,5318939,100,312000,-1
34205.546136882,1,5980797,1000,312000,-1
34205.546136882,1,10380318,600,312000,-1
34205.546136882,1,13791288,100,312000,-1
34205.546136882,1,1304753,100,312100,-1
34205.546136882,1,1898514,300,312100,-1
34205.546136882,1,1902790,100,312200,-1
34205.621648998,4,16715119,100,310000,1
34205.621648998,4,16717696,1031,310000,1
34205.621854685,3,16748493,200,309900,1
34205.621854685,1,16769154,200,309200,1
34205.622203894,1,16769228,100,308100,1
34205.62230333,1,16769245,100,308200,1
34205.622362549,3,16769228,100,308100,1
34205.622449413,1,16769269,200,310600,-1
34205.644272075,3,16648824,400,309900,1
34205.763877609,3,16761184,100,309300,1
34205.763877609,1,16778668,100,309400,1
34205.765216584,4,16720527,100,310200,-1
34205.765382656,1,16779113,2200,310100,1
34205.765416028,1,16779142,100,310100,1
34205.76541978,1,16779146,2200,310100,1
34205.765449373,1,16779170,100,310100,1
34205.765587681,3,16779170,100,310100,1
34205.765588129,3,16779146,2200,310100,1
34205.768111549,3,16761182,100,310600,-1
34205.768111549,1,16780545,100,310700,-1
34205.771251549,1,16781535,200,309900,1
34205.771340427,3,16085615,200,308800,1
34205.771345386,3,16143806,400,308900,1
34205.772008105,1,16781777,400,309800,1
34205.772514747,3,16780545,100,310700,-1
34205.772514747,1,16781914,100,310800,-1
34205.777338256,1,16782889,100,310300,-1
34205.777477507,1,16782915,100,310300,-1
34205.777622486,3,16781535,200,309900,1
34205.777625487,2,16781777,200,309800,1
34205.7792572,1,16783171,1200,310300,-1
34205.781744912,3,16783171,1200,310300,-1
34205.781881001,3,16782889,100,310300,-1
34205.784474045,1,16783675,100,310300,-1
34205.78612191,3,16783675,100,310300,-1
34205.788216721,1,16783976,100,310300,-1
34205.78890798,1,16784021,1200,310300,-1
34205.789631578,1,16784073,2500,310400,-1
34205.789806933,1,16784101,100,310300,-1
34205.790304204,1,16784143,1200,310300,-1
34205.791426083,3,16781914,100,310800,-1
34205.791426083,1,16784229,100,310700,-1
34205.847363273,3,16779113,2200,310100,1
34205.88333069,3,16769154,200,309200,1
34205.88333069,1,16797700,200,309900,1
34205.910909889,3,16717696,69,310000,1
34205.954685898,1,16801566,200,310500,-1
34205.954794006,1,16801571,200,310400,-1
34205.955678174,3,16784073,2500,310400,-1
34205.957880232,1,16801718,900,310400,-1
34205.965130202,1,16802068,1200,310400,-1
34206.02025492,3,16779142,100,310100,1
34206.020320008,3,16769245,100,308200,1
34206.144423535,1,16810689,100,310200,-1
34206.144485134,1,16810691,100,310200,-1
34206.144884271,3,16810691,100,310200,-1
34206.145305615,3,16801718,900,310400,-1
34206.147513311,1,16810810,100,310200,-1
34206.170641255,3,16784101,100,310300,-1
34206.172676258,1,16812071,100,310300,-1
34206.269660661,3,16778668,100,309400,1
34206.269660661,1,16817021,100,309300,1
34206.269662692,3,16784229,100,310700,-1
34206.269662692,1,16817022,100,310600,-1
34206.270403991,3,16812071,100,310300,-1
34206.274364456,4,16742592,300,310000,1
34206.274454856,1,16817264,2200,310100,-1
34206.27448255,1,16817270,100,310100,-1
34206.274519372,1,16817276,300,310100,-1
34206.274526308,1,16817278,3000,310100,-1
34206.274569057,1,16817284,100,310100,-1
34206.274620531,3,16817278,3000,310100,-1
34206.27463565,3,16797700,200,309900,1
34206.27463565,1,16817293,200,309200,1
34206.274647682,3,16817284,100,310100,-1
34206.274682655,1,16817298,300,310100,-1
34206.274742118,1,16817303,300,310200,-1
34206.274812165,1,16817309,300,310300,-1
34206.274883836,1,16817314,300,310500,-1
34206.274980859,3,16810689,100,310200,-1
34206.275077856,1,16817327,100,310100,-1
34206.275160077,3,16781777,200,309800,1
34206.278244817,1,16817494,200,310300,-1
34206.278525277,1,16817502,2200,310000,-1
34206.278554359,1,16817504,100,310000,-1
34206.278590639,1,16817506,100,310000,-1
34206.278682314,3,16817314,300,310500,-1
34206.278876653,3,16817494,200,310300,-1
34206.278996717,1,16817529,200,310200,-1
34206.279278666,3,16817327,100,310100,-1
34206.279392902,1,16817547,100,310000,-1
34206.279556559,1,16817556,200,310300,-1
34206.279959948,3,16715813,200,309700,1
34206.283405187,4,16817502,900,310000,-1
34206.284466575,3,16810810,100,310200,-1
34206.285034872,1,16817819,1200,310300,-1
34206.285402296,3,16692659,200,309800,1
34206.285402296,1,16817833,200,309100,1
34206.285426239,3,16597737,200,309700,1
34206.285426239,1,16817834,200,309000,1
34206.285443052,3,16817506,100,310000,-1
34206.285471251,3,16517967,200,309600,1
34206.285471251,1,16817836,200,308900,1
34206.285492974,3,16509840,200,309500,1
34206.285492974,1,16817840,200,308800,1
34206.285521285,3,16509846,200,309400,1
34206.285521285,1,16817842,200,308700,1
34206.285551287,3,16509852,200,309300,1
34206.285551287,1,16817844,200,308600,1
34206.285567345,3,16817293,200,309200,1
34206.285567345,1,16817845,200,308500,1
34206.285969159,3,16712648,200,309600,1
34206.286153477,4,16721961,300,309900,1
34206.286153477,4,16722218,60,309900,1
34206.28621676,1,16817876,200,310000,-1
34206.286247262,1,16817878,100,309900,-1
34206.286295667,1,16817881,100,309900,-1
34206.286323898,3,16817021,100,309300,1
34206.286323898,1,16817882,100,309200,1
34206.286336335,1,16817885,2200,309900,-1
34206.28634156,1,16817886,100,309900,-1
34206.286391174,3,16817881,100,309900,-1
34206.286510138,3,16597969,1200,309500,1
34206.286881764,3,16817547,100,310000,-1
34206.286966685,1,16817923,200,309900,-1
34206.28700766,1,16817925,100,309900,-1
34206.287141021,3,16662107,200,309500,1
34206.288596454,3,16817923,200,309900,-1
34206.289284309,1,16818050,1100,309900,-1
34206.289367761,3,16470491,1200,309400,1
34206.289531607,4,16516308,100,309800,1
34206.289591334,1,16818066,300,309900,-1
34206.289603693,1,16818067,100,308100,1
34206.289653277,1,16818072,100,311400,-1
34206.289661112,3,16817022,100,310600,-1
34206.289661112,1,16818073,100,310500,-1
34206.289693338,1,16818078,100,308200,1
34206.289757836,3,16818067,100,308100,1
34206.290020677,1,16818087,100,310000,-1
34206.290171948,1,16818093,200,310100,-1
34206.290941836,3,16818066,300,309900,-1
34206.291305464,3,16818093,200,310100,-1
34206.291812849,3,16817925,100,309900,-1
34206.291892375,1,16818179,200,310100,-1
34206.291953843,1,16818183,1200,310200,-1
34206.291961671,1,16818184,100,309900,-1
34206.29211089,3,16692629,200,311300,-1
34206.29211089,1,16818189,200,310600,-1
34206.292123285,3,16818184,100,309900,-1
34206.292135713,1,16818190,2200,309800,-1
34206.292151513,1,16818191,100,309800,-1
34206.292195864,1,16818196,100,309800,-1
34206.292231702,1,16818197,100,309800,-1
34206.292276841,1,16818202,100,309800,-1
34206.292303409,3,16818197,100,309800,-1
34206.292437044,4,16594947,100,309700,1
34206.292502922,1,16818216,100,308100,1
34206.292565373,3,16818216,100,308100,1
34206.292575365,1,16818222,200,309800,-1
34206.292593056,3,16468343,200,309400,1
34206.292641977,1,16818229,100,311700,-1
34206.293862144,3,16817270,100,310100,-1
34206.294260355,3,16818222,200,309800,-1
34206.295445726,3,16817882,100,309200,1
34206.295445726,1,16818409,100,309100,1
34206.295997635,1,16818455,200,309700,-1
34206.296052676,1,16818461,100,309700,-1
34206.296062227,3,16818229,100,311700,-1
34206.296125518,4,16818455,200,309700,-1
34206.296151772,4,16818461,100,309700,-1
34206.296192226,3,16818202,100,309800,-1
34206.296218242,3,16818087,100,310000,-1
34206.29621861,1,16818482,100,311700,-1
34206.296224027,1,16818483,2200,309700,1
34206.296269595,1,16818485,2200,309700,1
34206.296297618,1,16818486,32,309700,1
34206.296322101,4,16818483,100,309700,1
34206.296384427,1,16818493,100,309700,1
34206.296414478,1,16818494,100,309700,1
34206.296420485,1,16818495,300,309800,-1
34206.296482727,3,16597061,300,310400,-1
34206.296495904,3,16818485,2200,309700,1
34206.296532469,3,16818494,100,309700,1
34206.297178998,4,16818483,240,309700,1
34206.297216055,4,16818483,100,309700,1
34206.297355965,3,16817504,100,310000,-1
34206.297477057,4,16818483,100,309700,1
34206.297791476,1,16818551,1200,310100,-1
34206.297951493,3,16692627,200,311200,-1
34206.297951493,1,16818561,200,310500,-1
34206.297955499,4,16818483,1132,309700,1
34206.298379665,4,16818483,100,309700,1
34206.299758231,1,16818635,200,309400,1
34206.300315411,4,16818483,428,309700,1
34206.300315411,4,16818486,32,309700,1
34206.300315411,4,16818493,100,309700,1
34206.300436783,1,16818658,100,309800,-1
34206.301811549,3,16817876,200,310000,-1
34206.302498424,3,16818050,1100,309900,-1
34206.30514755,1,16818870,1200,309400,1
34206.310457964,3,16818073,100,310500,-1
34206.310457964,1,16819114,100,310400,-1
34206.312817977,3,16207189,17,309600,1
34206.314434518,3,16817878,100,309900,-1
34206.332244843,3,16818409,100,309100,1
34206.332244843,1,16820054,100,309200,1
34206.379760335,1,16822030,100,310200,-1
34206.382015521,1,16822125,100,310100,-1
34206.384150015,3,16692624,200,311100,-1
34206.384150015,1,16822177,200,310400,-1
34206.386454929,1,16822300,100,310000,-1
34206.388180793,3,16692621,200,311000,-1
34206.388180793,1,16822404,200,310300,-1
34206.401322,3,16818191,100,309800,-1
34206.555316522,3,16818658,100,309800,-1
34206.574877822,3,16817264,2200,310100,-1
34206.57673655,3,16782915,100,310300,-1
34206.591171053,3,16817502,1300,310000,-1
34206.591177965,3,16817885,2200,309900,-1
34206.591248934,1,16832210,100,310000,-1
34206.591271656,3,16818482,100,311700,-1
34206.59129443,1,16832212,100,309900,-1
34206.591401374,3,16818072,100,311400,-1
34206.591754586,3,16818551,1200,310100,-1
34206.591843527,3,16818183,1200,310200,-1
34206.591902159,3,16822404,200,310300,-1
34206.591902159,1,16832234,200,311000,-1
34206.591991561,3,16832234,200,311000,-1
34206.591991561,1,16832239,200,310100,-1
34206.592025288,3,16692620,200,310900,-1
34206.592025288,1,16832240,200,310200,-1
34206.592043806,3,16165298,200,310800,-1
34206.592043806,1,16832243,200,310300,-1
34206.605318821,3,16818190,2200,309800,-1
34206.605391357,1,16832765,100,309800,-1
34206.605408758,3,16832210,100,310000,-1
34206.605486995,3,16818495,300,309800,-1
34206.60586551,3,16817819,1200,310300,-1
34206.781221204,3,16783976,100,310300,-1
34206.783476138,3,16784143,1200,310300,-1
34206.795185419,3,16784021,1200,310300,-1
34206.804654883,1,16842656,1400,310100,-1
34206.830164334,3,16165291,200,310700,-1
34206.830164334,1,16845596,200,310000,-1
34206.97100178,1,5613199,500,306500,1
34206.97100178,1,1475902,1800,312400,-1
34206.97100178,1,9224685,2000,306500,1
34206.97100178,1,1587087,500,312400,-1
34206.97100178,1,11962592,300,306500,1
34206.97100178,1,1862785,400,312400,-1
34206.97100178,1,860938,400,306400,1
34206.97100178,1,12284975,4000,312400,-1
34206.97100178,1,1371947,250,306400,1
34206.97100178,1,1277182,100,312500,-1
34206.97100178,1,1375279,50,306400,1
34206.97100178,1,1364015,250,312500,-1
34206.97100178,1,3995484,1000,306400,1
34206.97100178,1,1365526,200,312500,-1
34206.97100178,1,4867440,600,306400,1
34206.97100178,1,1367972,150,312500,-1
34206.97100178,1,5980711,100,306400,1
34206.97100178,1,1374000,90,312500,-1
34206.97100178,1,4218677,150,306300,1
34206.97100178,1,1376492,1200,312500,-1
34206.97100178,1,1284297,20,306200,1
34206.97100178,1,1477453,40,312500,-1
34206.97100178,1,5787794,100,306200,1
34206.97100178,1,1496364,1000,312500,-1
34206.97100178,1,1277193,20000,306000,1
34206.97100178,1,1504969,1667,312500,-1
34206.97100178,1,1597377,2000,306000,1
34206.97100178,1,1533867,250,312500,-1
34206.97100178,1,3552010,100,306000,1
34206.97100178,1,1558541,2800,312500,-1
34206.97100178,1,4862246,1700,306000,1
34206.97100178,1,1587088,2956,312500,-1
34206.97100178,1,5980717,1000,306000,1
34206.97100178,1,1640820,1006,312500,-1
34206.97100178,1,8339029,300,306000,1
34206.97100178,1,1802750,4000,312500,-1
34206.97100178,1,11417984,100,306000,1
34206.97100178,1,1828738,74,312500,-1
34206.97100178,1,11419619,100,306000,1
34206.97100178,1,1868959,200,312500,-1
34206.97100178,1,4887228,297,305900,1
34206.97100178,1,1902627,102,312500,-1
34206.97100178,1,1902667,400,312500,-1
34206.97100178,1,1902941,1000,312500,-1
34206.97100178,1,1903250,208,312500,-1
34206.97100178,1,1903349,305,312500,-1
34206.97100178,1,1903530,500,312500,-1
34206.97100178,1,1903744,1000,312500,-1
34206.97100178,1,1903751,32,312500,-1
34206.97100178,1,1904303,100,312500,-1
34206.97100178,1,1904304,200,312500,-1
34206.97100178,1,1992570,300,312500,-1
34206.97100178,1,2119824,150,312500,-1
34206.97100178,1,2125812,613,312500,-1
34206.97100178,1,2174628,35,312500,-1
34206.97100178,1,2914056,1100,312500,-1
34206.97100178,1,3557488,1000,312500,-1
34206.97100178,1,3559441,500,312500,-1
34206.97100178,1,3561200,100,312500,-1
34206.97100178,1,3562596,150,312500,-1
34206.97100178,1,3588629,275,312500,-1
34206.97100178,1,3589335,215,312500,-1
34206.97100178,1,4756866,863,312500,-1
34206.97100178,1,4756880,56,312500,-1
34206.97100178,1,4886188,362,312500,-1
34206.97100178,1,5980802,400,312500,-1
34206.97100178,1,5980803,200,312500,-1
34206.97100178,1,11036940,150,312500,-1
34206.97100178,1,866364,86,312600,-1
34206.97100178,1,5980811,3200,312600,-1
34206.97100178,1,1360821,50,312700,-1
34206.97100178,1,1900871,259,312700,-1
34206.97100178,1,5033821,65,312700,-1
34206.97100178,1,6783930,100,312700,-1
34206.97100178,1,7472220,200,312700,-1
34206.97100178,1,1360241,40,312800,-1
34206.97100178,1,5980815,1000,312800,-1
34206.97100178,1,5980818,820,312800,-1
34206.97100178,1,6602477,100,312800,-1
34206.97100178,1,1360209,127,312900,-1
34207.24914294,1,16865077,100,312800,-1
34207.359519969,5,0,200,309750,-1
34207.671193664,5,0,200,309750,-1
34207.947524086,5,0,200,309750,-1
34207.947623576,3,16820054,100,309200,1
34207.947623576,1,16894259,100,309100,1
34208.026293708,3,16818196,100,309800,-1
34208.026355984,3,16817845,200,308500,1
34208.026355984,1,16897720,200,309500,1
34208.026404809,3,16817844,200,308600,1
34208.026404809,1,16897725,200,309400,1
34208.026429616,3,16817842,200,308700,1
34208.026429616,1,16897727,200,309300,1
34208.02644875,3,16817840,200,308800,1
34208.02644875,1,16897729,200,309200,1
34208.070362214,3,16845596,200,310000,-1
34208.070362214,1,16900314,200,310700,-1
34208.131162491,1,16903086,100,309700,1
34208.148848761,1,6306145,100,305700,1
34208.148848761,1,1481824,100,312900,-1
34208.148848761,1,4886345,500,305600,1
34208.148848761,1,1486760,200,312900,-1
34208.148848761,1,1277206,7,305500,1
34208.148848761,1,1878201,100,312900,-1
34208.148848761,1,2177571,50,305500,1
34208.148848761,1,3186779,100,312900,-1
34208.148848761,1,5980726,300,305500,1
34208.148848761,1,3577408,50,312900,-1
34208.148848761,1,12841829,150,305300,1
34208.148848761,1,5097893,300,312900,-1
34208.148848761,1,1373236,28,305200,1
34208.148848761,1,1366640,100,313000,-1
34208.148848761,1,1902695,200,305100,1
34208.148848761,1,1495259,454,313000,-1
34208.148848761,1,1862907,500,313000,-1
34208.148848761,1,1902642,54,313000,-1
34208.148848761,1,1904310,200,313000,-1
34208.148848761,1,1992437,500,313000,-1
34208.148848761,1,4756020,933,313000,-1
34208.148848761,1,4885597,1000,313000,-1
34208.148848761,1,4886027,33,313000,-1
34208.148848761,1,5980822,200,313000,-1
34208.148848761,1,5980823,150,313000,-1
34208.148848761,1,5980825,100,313000,-1
34208.148848761,1,5980826,400,313000,-1
34208.148848761,1,1902903,3000,313100,-1
34208.148848761,1,2131072,77,313100,-1
34208.148848761,1,5259568,100,313100,-1
34208.148848761,1,6862263,500,313200,-1
34208.148848761,1,1352984,230,313300,-1
34208.148848761,1,1881032,200,313300,-1
34208.148848761,1,1903098,494,313300,-1
34208.148848761,1,5980832,500,313300,-1
34208.148848761,1,5980835,1000,313300,-1
34208.148848761,1,6319525,607,313300,-1
34208.148848761,1,1359517,500,313500,-1
34208.150393619,1,16903827,33,307400,1
34208.150435308,1,16903829,165,309800,-1
34208.397652965,3,16305617,100,303600,1
34208.431646407,3,16822125,100,310100,-1
34208.43391509,3,16822030,100,310200,-1
34208.435358554,3,16832239,200,310100,-1
34208.435358554,1,16913042,200,310800,-1
34208.435399772,3,16832240,200,310200,-1
34208.435399772,1,16913043,200,310900,-1
34208.435418246,3,16832243,200,310300,-1
34208.435418246,1,16913044,200,311000,-1
34208.435438114,3,16822177,200,310400,-1
34208.435438114,1,16913045,200,311100,-1
34208.435464259,3,16818561,200,310500,-1
34208.435464259,1,16913046,200,311200,-1
34208.435488312,3,16818189,200,310600,-1
34208.435488312,1,16913047,200,311300,-1
34208.485108206,5,0,200,309750,-1
34208.494660503,1,16915177,100,309600,1
34208.520599893,3,16900314,200,310700,-1
34208.520599893,1,16916089,200,310000,-1
34208.520640582,3,16913042,200,310800,-1
34208.520640582,1,16916091,200,310100,-1
34208.520663224,3,16913043,200,310900,-1
34208.520663224,1,16916092,200,310200,-1
34208.520681903,3,16913044,200,311000,-1
34208.520681903,1,16916094,200,310300,-1
34208.520719071,3,16913045,200,311100,-1
34208.520719071,1,16916095,200,310400,-1
34208.520737569,3,16913046,200,311200,-1
34208.520737569,1,16916096,200,310500,-1
34208.520760887,3,16913047,200,311300,-1
34208.520760887,1,16916099,200,310600,-1
34208.521032291,3,16916099,200,310600,-1
34208.521032291,1,16916101,200,309900,-1
34208.535818147,3,16306310,100,315600,-1
34208.540449235,1,16916667,100,309900,-1
34208.542537486,1,16916735,200,310000,-1
34208.542644326,3,16712678,400,311000,-1
34208.688593344,1,16920626,100,309800,-1
34208.736940628,1,16922151,35,302000,1
34209.127334289,1,11608981,300,305100,1
34209.127334289,1,1364120,400,313500,-1
34209.127334289,1,860921,245,305000,1
34209.127334289,1,1478990,3000,313500,-1
34209.127334289,1,1277192,20000,305000,1
34209.127334289,1,1587737,200,313500,-1
34209.127334289,1,1289244,65,305000,1
34209.127334289,1,3559805,600,313500,-1
34209.127334289,1,1289245,80,305000,1
34209.127334289,1,12674620,10000,313500,-1
34209.127334289,1,1289247,50,305000,1
34209.127334289,1,1992571,263,313700,-1
34209.127334289,1,1289255,45,305000,1
34209.127334289,1,2655389,65,313700,-1
34209.127334289,1,1347956,300,305000,1
34209.127334289,1,3563638,152,313700,-1
34209.127334289,1,1364240,200,305000,1
34209.127334289,1,1365794,140,313800,-1
34209.127334289,1,1368295,100,305000,1
34209.127334289,1,1476331,500,313800,-1
34209.127334289,1,1368519,170,305000,1
34209.127334289,1,1478587,201,313800,-1
34209.127334289,1,1378131,273,305000,1
34209.127334289,1,1904266,2000,313800,-1
34209.127334289,1,1379715,300,305000,1
34209.127334289,1,2178600,200,313800,-1
34209.127334289,1,1596792,30,305000,1
34209.127334289,1,5980843,183,313800,-1
34209.127334289,1,1597065,200,305000,1
34209.127334289,1,9309878,500,313800,-1
34209.127334289,1,1597157,200,305000,1
34209.127334289,1,12431511,300,313800,-1
34209.127334289,1,1898344,730,305000,1
34209.127334289,1,1358910,250,313900,-1
34209.127334289,1,1902637,100,305000,1
34209.127334289,1,1376379,500,313900,-1
34209.127334289,1,1902701,100,305000,1
34209.127334289,1,866358,200,314000,-1
34209.127334289,1,1903012,199,305000,1
34209.127334289,1,1353272,1000,314000,-1
34209.127334289,1,1903254,25,305000,1
34209.127334289,1,1375570,200,314000,-1
34209.127334289,1,1903290,500,305000,1
34209.127334289,1,1377361,278,314000,-1
34209.127334289,1,1903310,150,305000,1
34209.127334289,1,1486907,400,314000,-1
34209.127334289,1,1903313,500,305000,1
34209.127334289,1,1857983,33,314000,-1
34209.127334289,1,1903314,500,305000,1
34209.127334289,1,1858094,100,314000,-1
34209.127334289,1,1903322,200,305000,1
34209.127334289,1,1863829,100,314000,-1
34209.127334289,1,1903325,200,305000,1
34209.127334289,1,1903863,1506,314000,-1
34209.127334289,1,1903543,500,305000,1
34209.127334289,1,2852587,10000,314000,-1
34209.127334289,1,1904333,300,305000,1
34209.127334289,1,5813385,190,314000,-1
34209.127334289,1,1992497,50,305000,1
34209.127334289,1,5980849,4,314000,-1
34209.127334289,1,1992508,5,305000,1
34209.127334289,1,5980850,400,314000,-1
34209.127334289,1,1992512,500,305000,1
34209.127334289,1,5980851,500,314000,-1
34209.127334289,1,2126280,100,305000,1
34209.127334289,1,1277218,100,314100,-1
34209.127334289,1,2177955,150,305000,1
34209.127334289,1,2178153,57,305000,1
34209.127334289,1,3553061,30,305000,1
34209.127334289,1,3553167,25,305000,1
34209.127334289,1,3554391,100,305000,1
34209.127334289,1,3556961,68,305000,1
34209.127334289,1,3557474,150,305000,1
34209.127334289,1,3562326,400,305000,1
34209.127334289,1,3562499,30,305000,1
34209.127334289,1,3580781,350,305000,1
34209.127334289,1,4885618,100,305000,1
34209.127334289,1,4885954,200,305000,1
34209.127334289,1,4885988,1500,305000,1
34209.127334289,1,4885990,100,305000,1
34209.127334289,1,4886238,3200,305000,1
34209.127334289,1,4886417,100,305000,1
34209.127334289,1,4886753,50,305000,1
34209.127334289,1,4886878,60,305000,1
34209.127334289,1,4887073,95,305000,1
34209.127334289,1,4887146,30,305000,1
34209.127334289,1,4946301,150,305000,1
34209.127334289,1,5297578,50,305000,1
34209.127334289,1,5980733,500,305000,1
34209.127334289,1,5980738,500,305000,1
34209.539393751,1,16950264,100,309700,1
34209.544359771,3,16269371,100,309500,1
34209.596696048,1,16951345,100,309700,1
34209.68863212,3,13167589,70,311500,-1
34209.970209467,1,5980739,300,305000,1
34209.970209467,1,1372752,500,314200,-1
34209.970209467,1,5980740,200,305000,1
34209.970209467,1,1506092,10000,314200,-1
34209.970209467,1,5980741,400,305000,1
34209.970209467,1,1857540,82,314200,-1
34209.970209467,1,5980744,500,305000,1
34209.970209467,1,4887056,1005,314300,-1
34209.970209467,1,5980745,100,305000,1
34209.970209467,1,10508004,75,314300,-1
34209.970209467,1,5980746,65,305000,1
34209.970209467,1,1514636,2889,314400,-1
34209.970209467,1,5980748,258,305000,1
34209.970209467,1,1543458,2500,314400,-1
34209.970209467,1,5980749,25,305000,1
34209.970209467,1,1848615,350,314400,-1
34209.970209467,1,5980750,1000,305000,1
34209.970209467,1,1888186,200,314400,-1
34209.970209467,1,5980753,170,305000,1
34209.970209467,1,1903445,400,314400,-1
34209.970209467,1,5980754,1000,305000,1
34209.970209467,1,1353273,1000,314500,-1
34209.970209467,1,5980756,120,305000,1
34209.970209467,1,1373087,75,314500,-1
34209.970209467,1,5980757,80,305000,1
34209.970209467,1,1493858,2000,314500,-1
34209.970209467,1,5980758,2000,305000,1
34209.970209467,1,1596483,2500,314500,-1
34209.970209467,1,5980760,100,305000,1
34209.970209467,1,5980854,1000,314500,-1
34209.970209467,1,5980762,500,305000,1
34209.970209467,1,1868062,1000,314600,-1
34209.970209467,1,10737088,25,305000,1
34209.970209467,1,1899645,1000,314600,-1
34209.970209467,1,11637708,10,305000,1
34209.970209467,1,5980914,200,314600,-1
34209.970209467,1,13696668,50,305000,1
34209.970209467,1,866365,7,314700,-1
34209.970209467,1,1287200,467,304900,1
34209.970209467,1,1902758,1100,304800,1
34209.970209467,1,1287062,250,304700,1
34209.970209467,1,5980771,1000,304700,1
34209.970209467,1,9557527,500,304700,1
34209.970209467,1,5455071,50,304500,1
34209.970209467,1,5980773,1000,304500,1
34209.970209467,1,3995500,200,304400,1
34210.043808676,1,16971728,700,309700,1
34210.690114548,1,8969609,3200,304200,1
34210.690114548,1,1283847,70,314700,-1
34210.690114548,1,1903857,165,304100,1
34210.690114548,1,1479034,1000,314700,-1
34210.690114548,1,2395662,110,304100,1
34210.690114548,1,2125814,12000,314700,-1
34210.690114548,1,5980783,300,304100,1
34210.690114548,1,3562761,500,314700,-1
34210.690114548,1,5980784,300,304100,1
34210.690114548,1,1903559,110,314800,-1
34210.690114548,1,1287656,90,304000,1
34210.690114548,1,10332108,3400,314800,-1
34210.690114548,1,1376971,50,304000,1
34210.690114548,1,1490783,1000,314900,-1
34210.690114548,1,2854067,800,304000,1
34210.690114548,1,1578066,4000,314900,-1
34210.690114548,1,4887266,22,304000,1
34210.690114548,1,1597422,100,314900,-1
34210.690114548,1,5980787,600,304000,1
34210.690114548,1,4886713,464,314900,-1
34210.690114548,1,5980789,125,304000,1
34210.690114548,1,5980922,100,314900,-1
34210.690114548,1,5980791,300,304000,1
34210.690114548,1,5980923,100,314900,-1
34210.690114548,1,1903963,100,303600,1
34210.690114548,1,1289236,200,315000,-1
34210.690114548,1,1304304,80,315000,-1
34210.690114548,1,1333754,300,315000,-1
34210.690114548,1,1339152,2000,315000,-1
34210.690114548,1,1343374,2000,315000,-1
34210.690114548,1,1343375,2000,315000,-1
34210.690114548,1,1350782,300,315000,-1
34210.690114548,1,1351137,254,315000,-1
34210.690114548,1,1351194,200,315000,-1
34210.690114548,1,1353437,1200,315000,-1
34210.690114548,1,1358852,400,315000,-1
34210.690114548,1,1358920,527,315000,-1
34210.690114548,1,1358994,179,315000,-1
34210.690114548,1,1359920,100,315000,-1
34210.690114548,1,1360205,100,315000,-1
34210.690114548,1,1361343,170,315000,-1
34210.690114548,1,1364972,100,315000,-1
34210.690114548,1,1376298,500,315000,-1
34210.690114548,1,1477484,435,315000,-1
34210.690114548,1,1486809,200,315000,-1
34210.690114548,1,1488279,1000,315000,-1
34210.690114548,1,1488811,1956,315000,-1
34210.690114548,1,1490677,1000,315000,-1
34210.690114548,1,1490914,1556,315000,-1
34210.690114548,1,1495291,1433,315000,-1
34210.690114548,1,1497818,1333,315000,-1
34210.690114548,1,1499766,1000,315000,-1
34210.690114548,1,1500720,500,315000,-1
34210.690114548,1,1504784,200,315000,-1
34210.690114548,1,1513927,656,315000,-1
34210.690114548,1,1532737,4267,315000,-1
34210.690114548,1,1540902,50,315000,-1
34210.690114548,1,1540903,1000,315000,-1
34210.690114548,1,1544411,2300,315000,-1
34210.690114548,1,1557424,800,315000,-1
34210.690114548,1,1557831,1867,315000,-1
34210.690114548,1,1558245,257,315000,-1
34210.690114548,1,1558248,3333,315000,-1
34210.690114548,1,1578106,139,315000,-1
34210.690114548,1,1578116,131,315000,-1
34210.690114548,1,1579337,2389,315000,-1
34210.690114548,1,1579504,250,315000,-1
34210.690114548,1,1579578,64,315000,-1
34210.690114548,1,1579579,2933,315000,-1
34210.690114548,1,1586980,166,315000,-1
34210.690114548,1,1587080,200,315000,-1
34210.690114548,1,1587089,635,315000,-1
34210.690114548,1,1587585,500,315000,-1
34210.690114548,1,1596853,165,315000,-1
34210.690114548,1,1817058,394,315000,-1
34210.690114548,1,1817127,30,315000,-1
34210.690114548,1,1824420,650,315000,-1
34210.690114548,1,1839216,147,315000,-1
34210.690114548,1,1840596,200,315000,-1
34210.690114548,1,1848463,780,315000,-1
34210.690114548,1,1848588,1000,315000,-1
34210.690114548,1,1858031,2500,315000,-1
34210.690114548,1,1858095,320,315000,-1
34210.690114548,1,1858096,509,315000,-1
34210.690114548,1,1858188,950,315000,-1
34210.716122727,5,0,365,309750,-1
34210.716342922,3,16916101,200,309900,-1
34210.716342922,1,17018053,200,310600,-1
34210.716830119,3,16916735,200,310000,-1
34210.716857422,3,16819114,100,310400,-1
34210.716857968,3,16894259,100,309100,1
34210.723519473,1,17018989,200,310000,-1
34210.757698083,1,17020791,1200,310300,-1
34210.845312937,3,17018989,200,310000,-1
34210.845667619,3,16817836,200,308900,1
34210.845667619,1,17026057,200,309600,1
34210.846093358,3,17020791,1200,310300,-1
34210.906014232,1,17029927,1000,309700,1
34211.325723295,1,1858189,193,315000,-1
34211.325723295,1,1858236,300,315000,-1
34211.325723295,1,1858294,182,315000,-1
34211.325723295,1,1858351,250,315000,-1
34211.325723295,1,1858354,238,315000,-1
34211.325723295,1,1858428,90,315000,-1
34211.325723295,1,1860708,223,315000,-1
34211.325723295,1,1860835,500,315000,-1
34211.325723295,1,1861436,100,315000,-1
34211.325723295,1,1861696,175,315000,-1
34211.325723295,1,1861855,1000,315000,-1
34211.325723295,1,1862803,1000,315000,-1
34211.325723295,1,1869009,140,315000,-1
34211.325723295,1,1874609,500,315000,-1
34211.325723295,1,1883528,5000,315000,-1
34211.325723295,1,1884271,100,315000,-1
34211.325723295,1,1886129,100,315000,-1
34211.325723295,1,1886171,1415,315000,-1
34211.325723295,1,1889830,400,315000,-1
34211.325723295,1,1890900,1000,315000,-1
34211.325723295,1,1891098,20,315000,-1
34211.325723295,1,1891149,40,315000,-1
34211.325723295,1,1891519,5178,315000,-1
34211.325723295,1,1898400,205,315000,-1
34211.325723295,1,1901655,579,315000,-1
34211.325723295,1,1902145,50,315000,-1
34211.325723295,1,1902430,730,315000,-1
34211.325723295,1,1902431,144,315000,-1
34211.325723295,1,1902557,702,315000,-1
34211.325723295,1,1902696,100,315000,-1
34211.325723295,1,1902752,100,315000,-1
34211.325723295,1,1902762,400,315000,-1
34211.325723295,1,1902784,306,315000,-1
34211.325723295,1,1902791,150,315000,-1
34211.325723295,1,1903298,272,315000,-1
34211.325723295,1,1903600,1000,315000,-1
34211.325723295,1,1903617,134,315000,-1
34211.325723295,1,1903739,158,315000,-1
34211.325723295,1,1903752,52,315000,-1
34211.325723295,1,1903858,300,315000,-1
34211.325723295,1,1903864,106,315000,-1
34211.325723295,1,1903918,750,315000,-1
34211.325723295,1,1992459,50,315000,-1
34211.325723295,1,1992467,829,315000,-1
34211.325723295,1,1992581,200,315000,-1
34211.325723295,1,2116488,100,315000,-1
34211.325723295,1,2118727,104,315000,-1
34211.325723295,1,2122004,310,315000,-1
34211.325723295,1,2127542,26,315000,-1
34211.325723295,1,2130926,25,315000,-1
34211.325723295,1,2132600,50,315000,-1
34211.325723295,1,2173801,20,315000,-1
34211.325723295,1,3186860,1500,315000,-1
34211.325723295,1,3187159,500,315000,-1
34211.325723295,1,3522435,400,315000,-1
34211.325723295,1,3553067,503,315000,-1
34211.325723295,1,3556999,80,315000,-1
34211.325723295,1,3559738,300,315000,-1
34211.325723295,1,3561637,20,315000,-1
34211.325723295,1,3580640,100,315000,-1
34211.325723295,1,4558840,200,315000,-1
34211.325723295,1,4741702,100,315000,-1
34211.325723295,1,4753060,440,315000,-1
34211.325723295,1,4862082,100,315000,-1
34211.325723295,1,4885451,106,315000,-1
34211.435691608,1,17055427,1000,309700,1
34211.891500088,1,4885600,400,315000,-1
34211.891500088,1,4885639,59,315000,-1
34211.891500088,1,4885689,150,315000,-1
34211.891500088,1,4885885,500,315000,-1
34211.891500088,1,4886126,600,315000,-1
34211.891500088,1,4886501,72,315000,-1
34211.891500088,1,4886606,200,315000,-1
34211.891500088,1,4886717,16,315000,-1
34211.891500088,1,4886806,75,315000,-1
34211.891500088,1,4886954,300,315000,-1
34211.891500088,1,5980933,600,315000,-1
34211.891500088,1,5980934,100,315000,-1
34211.891500088,1,5980936,200,315000,-1
34211.891500088,1,5980938,11,315000,-1
34211.891500088,1,5980939,240,315000,-1
34211.891500088,1,5980940,100,315000,-1
34211.891500088,1,5980941,200,315000,-1
34211.891500088,1,5980944,400,315000,-1
34211.891500088,1,5980945,1000,315000,-1
34211.891500088,1,5980947,100,315000,-1
34211.891500088,1,5980948,238,315000,-1
34211.891500088,1,5980949,200,315000,-1
34211.891500088,1,5980952,200,315000,-1
34211.891500088,1,5980953,150,315000,-1
34211.891500088,1,5980954,400,315000,-1
34211.891500088,1,5980955,2000,315000,-1
34211.891500088,1,5980959,100,315000,-1
34211.891500088,1,5980961,4,315000,-1
34211.891500088,1,6513729,50,315000,-1
34211.891500088,1,7013871,30,315000,-1
34211.891500088,1,8880659,1006,315000,-1
34211.891500088,1,11342558,135,315000,-1
34211.891500088,1,11344608,100,315000,-1
34211.891500088,1,11367971,200,315000,-1
34211.891500088,1,1360079,385,315100,-1
34211.891500088,1,1597386,65,315100,-1
34211.914087059,3,16842656,1400,310100,-1
34213.122531125,4,16832765,100,309800,-1
34213.122531125,4,16903829,165,309800,-1
34213.122531125,4,16920626,100,309800,-1
34213.122531125,5,0,300,309800,-1
34213.122614164,1,17115796,100,311400,-1
34213.122626605,1,17115799,2800,309700,1
34213.122679755,3,17115796,100,311400,-1
34213.122717218,1,17115811,100,308100,1
34213.123839377,3,16903086,100,309700,1
34213.123866689,1,17115847,2200,309800,1
34213.123897449,1,17115848,100,309800,1
34213.12392672,1,17115849,100,309800,1
34213.123979757,1,17115850,100,309800,1
34213.123980992,3,17115799,2800,309700,1
34213.12399111,3,17115849,100,309800,1
34213.124059207,3,17115850,100,309800,1
34213.124354238,1,17115856,200,309500,1
34213.130185655,1,17116044,1200,309500,1
34213.130355694,3,17026057,200,309600,1
34213.130355694,1,17116051,200,308900,1
34213.142141906,1,17116704,2000,309900,-1
